Total Volunteers Attended,Hours Served Per Volunteer,Total Hours Served by All Volunteers,Organization Served: Primary City,Volunteer Opportunity Name,Impact Area (Local),Requires Invitation From: Organization Name,Organization Served Name
29,2,58,2122,HAW: AIR Worldwide at Mather Elementary,Ensuring Young People Succeed,Air-Worldwide,Mather Elementary School (BPS)
78,4,312,2451,HAW: Alexion at Waltham Boys and Girls Club,Ensuring Young People Succeed,Alexion - Lexington,Waltham Boys and Girls Club
76,5,380,2905,HAW: Alexion at Mary E. Fogarty Elementary school,Ensuring Young People Succeed,Alexion - Smithfield,Mary E. Fogarty Elementary School
20,4,80,2124,HAW: Altman Vilandrie at Oliver Wendell Holmes Elementary (BPS),Ensuring Young People Succeed,Altman Vilandrie & Company,Oliver Wendell Holmes School (BPS)
34,5,170,1801,HAW: American Tower at Linscott-Rumford Elementary School,Ensuring Young People Succeed,American Tower,Linscott-Rumford Elementary School
8,2,16,1803,HAW: Arbor Networks at Burlington Food Pantry,Basic Needs,Arbor Networks,Burlington Food Pantry
9,2,18,1803,HAW: Arbor Networks at Burlington Food Pantry,Basic Needs,Arbor Networks,Burlington Food Pantry
18,3,54,2119,HAW: Audax at Community Servings,Health & Wellness,Audax Group,"Community Servings, Inc."
28,3,84,2128,HAW: Audax at Dante Alighieri Montessori School,Ensuring Young People Succeed,Audax Group,Dante Alighieri Montessori School (BPS)
25,3,75,2125,HAW: Audax at Boston Cares Bed Build,Basic Needs,Audax Group,East Boston Neighborhood Health Center
20,3,60,2145,HAW: Audax at Mystic River,Cultural & Environmental Vibrancy,Audax Group,Mystic River Watershed Association
16,3,48,2116,HAW: Audax at Room to Grow,Basic Needs,Audax Group,Room to Grow
24,3,72,2119,HAW: Audax at Dimock Community Health Center,Basic Needs,Audax Group,The Dimock Community Health Center
28,3,84,2139,HAW: Audax at YWCA of Cambridge,Basic Needs,Audax Group,YWCA of Cambridge
356,4,1424,2122,HAW: Bain @ Kenny Elementary School (BPS),Ensuring Young People Succeed,Bain & Company,Kenny Elementary School (BPS)
31,5,155,2026,HAW: Boston Scientific at Mother Brook Community and Arts Center,Cultural & Environmental Vibrancy,Boston Scientific,Mother Brook Arts & Community Center
4,3,12,2122,HAW: MADD Capital One Bed Build at the International Elevator Union 10/21 AM,Ensuring Young People Succeed,Capital One,Boston Cares
4,3,12,2122,HAW: Capital One Bed Build at the International Elevator Union - Shift 7,Ensuring Young People Succeed,Capital One,Boston Cares
5,3,15,2122,HAW: MADD Bed Build at the International Elevator Union - Shift 6,Ensuring Young People Succeed,Capital One,Boston Cares
5,3,15,2122,HAW: MADD Bed Build at the International Elevator Union - Shift 5,Ensuring Young People Succeed,Capital One,Boston Cares
5,3,15,2122,HAW: MADD Bed Build at the International Elevator Union - Shift 4,Ensuring Young People Succeed,Capital One,Boston Cares
5,3,15,2122,HAW: MADD Bed Build at the International Elevator Union - Shift 3,Ensuring Young People Succeed,Capital One,Boston Cares
5,3,15,2122,HAW: MADD Bed Build at the International Elevator Union - Shift 2,Ensuring Young People Succeed,Capital One,Boston Cares
1,3,3,2122,HAW: MADD Capital One Bed Build at the International Elevator Union - Shift 1,Ensuring Young People Succeed,Capital One,Boston Cares
16,4,64,2124,HAW: Capital One at Henderson K-12,Ensuring Young People Succeed,Capital One,Henderson K-12 Inclusion School (BPS)
31,5.5,170.5,2125,"HAW: Carney, Sandoe & Associates at Boys & Girls Club of Boston",Ensuring Young People Succeed,"Carney, Sandoe & Associates",Boys & Girls Clubs of Boston
13,3,39,2122,HAW: MADD CBRE Bed Build at the International Elevator Union AM,Ensuring Young People Succeed,CBRE Group,Boston Cares
18,3,54,2122,HAW: MADD CBRE Bed Build at the International Elevator Union PM,Ensuring Young People Succeed,CBRE Group,Boston Cares
23,3,69,2118,HAW: Compass Therapeutics at SECHC AM,Health & Wellness,Compass Therapeutics,South End Community Health Center
22,3,66,2118,HAW: Compass Therapeutics at SECHC PM,Health & Wellness,Compass Therapeutics,South End Community Health Center
43,3,129,2119,HAW: Consigli Construction Bed Build on Construction Site,None,Consigli Construction,Boston Cares
9,4,36,2125,HAW: Corderman Company Spring Bed Build,Basic Needs,Corderman Compnay,Boston Cares
41,4,164,2129,HAW: DeltaDental at Charlestown Lacrosse Learning Center,Ensuring Young People Succeed,Delta Dental,Charlestown Lacrosse and Learning Center
45,4,180,2129,HAW: DeltaDental at the Edwards Middle School,Ensuring Young People Succeed,Delta Dental,Edwards Middle School (BPS)
29,4,116,2143,HAW: DeltaDental at Groundwork Somerville,Health & Wellness,Delta Dental,Groundwork Somerville
60,4,240,2145,HAW: DeltaDental at the Mystic River Watershed Association,Cultural & Environmental Vibrancy,Delta Dental,Mystic River Watershed Association
47,5,235,2124,HAW: Direct Energy at Oliver Wendell Holmes School (BPS),Ensuring Young People Succeed,Direct Energy,Oliver Wendell Holmes School (BPS)
63,5,315,2301,HAW: EMD Serono at Boys & Girls Club of Brockton,Ensuring Young People Succeed,EMD Serono,Boys & Girls Club of Brockton
15,5,75,2116,HAW: EMD Serono at Camp Maude Eaton,Ensuring Young People Succeed,EMD Serono,Camp Maude Eaton
10,3,30,2119,HAW: EMD Serono at Community Servings - AM,Health & Wellness,EMD Serono,"Community Servings, Inc."
9,3,27,2119,HAW: EMD Serono at Community Servings - PM,Health & Wellness,EMD Serono,"Community Servings, Inc."
41,5,205,2332,HAW: EMD Serono at Crossroads for Kids,Cultural & Environmental Vibrancy,EMD Serono,Crossroads for Kids
25,4,100,1862,HAW: EMD Serono at Hajjar Elementary School,Ensuring Young People Succeed,EMD Serono,Hajjar Elementary School
20,4,80,1845,HAW: EMD Serono at IMEC,Health & Wellness,EMD Serono,International Medical Equipment Collaborative (IMEC)
20,4,80,2472,HAW: EMD Serono at Perkins School for the Blind,Ensuring Young People Succeed,EMD Serono,Perkins School for the Blind
26,5,130,2050,HAW: EMD Serono at Road to Responsibility,Health & Wellness,EMD Serono,Road to Responsibility
22,4,88,2116,HAW: EMD Serono at Room to Grow,Basic Needs,EMD Serono,Room to Grow
23,2.5,57.5,2191,HAW: EMD at The ARC of the South Shore - Weymouth,Health & Wellness,EMD Serono,The Arc of the South Shore
19,5,95,2370,HAW: EMD Serono at The ARC of the South Shore - Rockland,Health & Wellness,EMD Serono,The Arc of the South Shore
16,2.5,40,2191,HAW: EMD at The ARC of the South Shore - Weymouth,Health & Wellness,EMD Serono,The Arc of the South Shore
13,4,52,2124,HAW: EMD Serono at The Boston Home,Health & Wellness,EMD Serono,The Boston Home
26,3.5,91,2135,HAW: EMD Serono at Winship Elementary School (BPS),Ensuring Young People Succeed,EMD Serono,Winship Elementary School (BPS)
36,4,144,2141,HAW: Epizyme at CSUS,Ensuring Young People Succeed,Epizyme,Cambridge Street Upper School
10,3,30,2118,HAW: Fidelity Investments at American Red Cross Food Pantry,Basic Needs,Fidelity Investments,American Red Cross of Eastern Massachusetts Food Pantry
15,1.5,22.5,2130,HAW: Fidelity at SW Success Coaching (America Scores) - Shift 1,Ensuring Young People Succeed,Fidelity Investments,America SCORES Boston
7,1.5,10.5,2210,HAW: Fidelity at SW Success Coaching (America Scores) - Shift 2,Ensuring Young People Succeed,Fidelity Investments,America SCORES Boston
8,5,40,2116,HAW: Fidelity Investments at Boston Living Center,Basic Needs,Fidelity Investments,Boston Living Center
64,4,256,3060,HAW: Fidelity at Boys & Girls Club of Nashua,Ensuring Young People Succeed,Fidelity Investments,Boys & Girls Club of Nashua
58,4,232,3055,HAW: Fidelity at Boys and Girls Club of Souhegan Valley,Ensuring Young People Succeed,Fidelity Investments,Boys and Girls Club of Souhegan Valley
8,2,16,2210,HAW: Fidelity Investments at SW Success Coaching (College Bound Dorchster),Ensuring Young People Succeed,Fidelity Investments,College Bound Dorchester
8,3,24,2124,HAW: Fildelity Investments at the Daily Table,Equipping Adults to Beat Poverty,Fidelity Investments,Daily Table
17,4,68,2121,HAW: Fidelity Investments at Dearborn Middle School (BPS),Ensuring Young People Succeed,Fidelity Investments,Dearborn STEM Academy (BPS)
5,3.5,17.5,2141,HAW: Fidelity Investments at East End House,Basic Needs,Fidelity Investments,East End House
42,4,168,3060,HAW: Fidelity at Elm Street School,Ensuring Young People Succeed,Fidelity Investments,Elm Street Middle School (NSD)
60,3,180,3054,HAW: Fidelity at Greater Nashua YMCA - AM,Ensuring Young People Succeed,Fidelity Investments,Greater Nashua YMCA
46,3,138,3054,HAW: Fidelity at Greater Nashua YMCA - PM,Ensuring Young People Succeed,Fidelity Investments,Greater Nashua YMCA
16,4,64,3104,HAW: Fidelity at Manchester Boys and Girls Club - AM,Ensuring Young People Succeed,Fidelity Investments,Manchester Boys & Girls Club
22,3.5,77,3104,HAW: Fidelity at Manchester Boys and Girls Club - PM,Ensuring Young People Succeed,Fidelity Investments,Manchester Boys & Girls Club
39,4,156,2122,HAW: Fidelity at Mather Elementary School (BPS) - STEM 1,Ensuring Young People Succeed,Fidelity Investments,Mather Elementary School (BPS)
62,4,248,2122,HAW: Fidelity at Mather Elementary School (BPS) - STEM 2,Ensuring Young People Succeed,Fidelity Investments,Mather Elementary School (BPS)
20,3.75,75,2122,HAW: Fidelity at Mather Elementary School (BPS) - STEM 3,Ensuring Young People Succeed,Fidelity Investments,Mather Elementary School (BPS)
168,4,672,3102,HAW; Fidelity Investments at Parkside School,Ensuring Young People Succeed,Fidelity Investments,Parkside School
15,3,45,2118,HAW: Fidelity Investments at Pine Street Inn,Basic Needs,Fidelity Investments,Pine Street Inn
13,2,26,2116,HAW: Fidelity Investments at Room to Grow,Basic Needs,Fidelity Investments,Room to Grow
20,4,80,2121,HAW: Fidelity Investments at Sarah Greenwood School (BPS) - MAY STEM,Ensuring Young People Succeed,Fidelity Investments,Sarah Greenwood K-8 School (BPS)
108,4,432,2121,HAW: Fidelity Investments at Sarah Greenwood School (BPS) - TRANSFORMTION DAY,Ensuring Young People Succeed,Fidelity Investments,Sarah Greenwood K-8 School (BPS)
48,4,192,2124,HAW: Fidelity at UP Dorchester,Ensuring Young People Succeed,Fidelity Investments,UP Academy Charter School of Dorchester
10,2.5,25,2115,HAW: Fidelity Investments at X-Cel Education,Equipping Adults to Beat Poverty,Fidelity Investments,X-Cel Education
10,2,20,1902,HAW: GE at Catholic Charities - SHIFT 1,Basic Needs,General Electric,Catholic Charities Archdiocese of Boston (CCAB)
27,2,54,1902,HAW: GE at Catholic Charities - SHIFT 2,Basic Needs,General Electric,Catholic Charities Archdiocese of Boston (CCAB)
15,2.5,37.5,1902,HAW: GE at Catholic Charities - SHIFT 3,Basic Needs,General Electric,Catholic Charities Archdiocese of Boston (CCAB)
10,3,30,1901,HAW: GE at My Brother's Table - SHIFT 1,Basic Needs,General Electric,My Brother's Table
13,3,39,1901,HAW: GE at My Brother's Table - SHIFT 2,Basic Needs,General Electric,My Brother's Table
10,3,30,1901,HAW: GE at My Brother's Table - SHIFT 3,Basic Needs,General Electric,My Brother's Table
37,3,111,2110,HAW: Johnson and Johnson at Mather Elementary School,Basic Needs,Johnson & Johnson,Boston Cares
20,4,80,2144,HAW: Johnson & Johnson at West Somerville Neighborhood School,Ensuring Young People Succeed,Johnson & Johnson,West Somerville Neighborhood School
33,7,231,1852,HAW: Kronos at Cardinal Middle School - AM,Ensuring Young People Succeed,Kronos,Cardinal O'Connell Middle School (Lowell)
30,7,210,1852,HAW: Kronos at Cardinal Middle School - PM,Ensuring Young People Succeed,Kronos,Cardinal O'Connell Middle School (Lowell)
14,3,42,2122,HAW: MADD Management Solutions Bed Build at the International Elevator Union,Ensuring Young People Succeed,Management Solutions,Boston Cares
6,4,24,2129,HAW: Marketo at Harvard-Kent Elementary,Ensuring Young People Succeed,Marketo,Harvard-Kent Elementary School (BPS)
10,4,40,2125,HAW: Medtronic Spring Bed Build,Basic Needs,Medtronic,Boston Cares
10,4,40,2125,HAW: Meketa Spring Bed Build,Basic Needs,Meketa Investment Group,Boston Cares
18,3,54,2124,HAW: MFS at Henderson Upper School,Ensuring Young People Succeed,MFS Investment Management,Henderson K-12 Inclusion School (BPS)
46,3,138,2122,HAW: MFS Bed Build at the International Elevator Union AM,Ensuring Young People Succeed,MFS Investment Management,Homeless Education Resource Network (BPS)
44,3,132,2122,HAW: MFS Bed Build at the International Elevator Union PM,Ensuring Young People Succeed,MFS Investment Management,Homeless Education Resource Network (BPS)
25,4,100,1843,HAW: NaviSite at Parthum School (LPS),Ensuring Young People Succeed,NaviSite,Parthum School
14,2,28,1854,HAW: NetScout at House of Hope,Ensuring Young People Succeed,NetScout,"House of Hope, Inc."
25,7,175,2155,HAW: Nuance Communication Bed Build,Basic Needs,Nuance Communications,Boston Cares
7,4,28,2125,HAW: Oliver Wyman @ Dorchester Welcome Center,Ensuring Young People Succeed,Oliver Wyman,Boston Public Schools Dorchester Welcome Center (BPS)
141,0.75,105.75,2210,HAW: OppenheimerFunds at Horizons for Homeless Children,Ensuring Young People Succeed,OppenheimerFunds,Horizons For Homeless Children
14,2,28,2118,HAW: Shire at Loews Hotel Bed Build,Equipping Adults to Beat Poverty,Shire Pharmaceuticals,Boston Medical Center
12,5,60,2050,HAW: Shire Pharmaceuticals at Boys & Girls Club of Marshfield,Ensuring Young People Succeed,Shire Pharmaceuticals,Boys & Girls Club of Marshfield
32,4,128,2155,HAW: Shire at Boys and Girls Club Medford,Ensuring Young People Succeed,Shire Pharmaceuticals,Boys & Girls Club of Medford
15,3,45,2119,HAW: Shire Pharmaceuticals at Community Servings,Health & Wellness,Shire Pharmaceuticals,"Community Servings, Inc."
13,3,39,2119,HAW: Shire Pharmaceuticals at Community Servings,Health & Wellness,Shire Pharmaceuticals,"Community Servings, Inc."
16,4,64,2421,HAW: Shire Pharmaceuticals at Community Theraputic Day School,Ensuring Young People Succeed,Shire Pharmaceuticals,Community Therapeutic Day School
40,4.5,180,2421,HAW: Shire Pharmaceuticals at Cotting School,Ensuring Young People Succeed,Shire Pharmaceuticals,Cotting School
52,2,104,2135,HAW: Shire Pharmaceuticals at Cradles to Crayons,Ensuring Young People Succeed,Shire Pharmaceuticals,Cradles to Crayons
28,4,112,2176,HAW: Shire at NatureLinc,Cultural & Environmental Vibrancy,Shire Pharmaceuticals,Farrington NatureLinc
39,5.5,214.5,2118,HAW: Shire at the Greater Boston Food Bank,Basic Needs,Shire Pharmaceuticals,Greater Boston Food Bank
59,5,295,1862,HAW: Shire at Hajjar Elementary,Ensuring Young People Succeed,Shire Pharmaceuticals,Hajjar Elementary School
45,3,135,1451,HAW: Shire Pharmaceuticals at Brown-Burgess Farm,Cultural & Environmental Vibrancy,Shire Pharmaceuticals,Harvard Conservation Trust
90,4,360,1845,HAW: Shire Pharmaceuticals at International Medical Equipment Collaborative,Basic Needs,Shire Pharmaceuticals,International Medical Equipment Collaborative (IMEC)
19,3.5,66.5,2420,HAW: Shire at Lexington Conservation Committee,Cultural & Environmental Vibrancy,Shire Pharmaceuticals,Lexington Conservation Commission
22,4.5,99,1801,HAW: Shire at Linscott,Ensuring Young People Succeed,Shire Pharmaceuticals,Linscott-Rumford Elementary School
43,4,172,2120,HAW: Shire at Madison Park High School,Ensuring Young People Succeed,Shire Pharmaceuticals,Madison Park Technical Vocational High School (BPS)
52,4,208,1773,HAW: Shire Pharmaceuticals at Drumlin Farms,Cultural & Environmental Vibrancy,Shire Pharmaceuticals,Massachusetts Audubon Society - Drumlin Farms
31,4,124,2478,HAW: Shire Pharmaceuticals at Habitat Education Center,Cultural & Environmental Vibrancy,Shire Pharmaceuticals,Massachusetts Audubon Society - Habitat Education Center and Wildlife Sanctuary
25,4,100,2122,HAW: Shire Pharmaceuticals at Mather Elementary School (BPS),Ensuring Young People Succeed,Shire Pharmaceuticals,Mather Elementary School (BPS)
42,3,126,2472,HAW: Shire Pharmaceuticals at Perkins School for the Blind,Ensuring Young People Succeed,Shire Pharmaceuticals,Perkins School for the Blind
35,3,105,1876,HAW: Shire at Strongwater Farm,Cultural & Environmental Vibrancy,Shire Pharmaceuticals,Strongwater Farm
29,4,116,1841,HAW: Shire at Tarbox School,Ensuring Young People Succeed,Shire Pharmaceuticals,Tarbox School
21,3,63,1773,HAW: Shire Pharmaceuticals at The Food Project,Basic Needs,Shire Pharmaceuticals,The Food Project
22,4,88,6278,HAW: Shire at Hole in the Wall Gang Camp,Health & Wellness,Shire Pharmaceuticals,The Hole in the Wall Gang Camp
35,4.5,157.5,1701,HAW: Shire at The Learning Center for the Deaf,Ensuring Young People Succeed,Shire Pharmaceuticals,The Learning Center for the Deaf
26,3,78,1453,HAW: Shire Pharmaceuticals at The Trustees of Reservations (Doyle),Cultural & Environmental Vibrancy,Shire Pharmaceuticals,The Trustees of Reservations
16,3,48,2452,HAW: Shire Pharmaceuticals at Waltham Fields Community Farm,Cultural & Environmental Vibrancy,Shire Pharmaceuticals,Waltham Fields Community Farm
17,3,51,2119,HAW: Symantec Bed Build at the Symantec Offices,Ensuring Young People Succeed,Symantec,Homeless Education Resource Network (BPS)
36,3,108,1527,HAW: TJX at NECTF Bed Build,Basic Needs,"The TJX Companies, Inc.","Friendly House, INC"
35,4.5,157.5,2119,HAW: Trinity Partners at Elizabeth Stone House,Health & Wellness,Trinity Partners,Elizabeth Stone House
25,3,75,2116,HAW: Trinity Partners at Room to Grow,Ensuring Young People Succeed,Trinity Partners,Room to Grow
14,2.5,35,2452,HAW: Trinity Partners at Waltham Fields Community Farm,Health & Wellness,Trinity Partners,Waltham Fields Community Farm
68,3,204,2122,HAW: UnitedHealth Group at Mather Elementary School (BPS),Ensuring Young People Succeed,UnitedHealth Group and United Health Foundation,Mather Elementary School (BPS)
15,3,45,2127,HAW: Vertex at Boys and Girls Club of South Boston,Ensuring Young People Succeed,Vertex,Boys & Girls Clubs of Boston
15,4,60,2128,HAW: Vertex at the Guild Elementary - STEM Fair,Ensuring Young People Succeed,Vertex,Guild Elementary School (BPS)
33,4,132,2128,HAW: Vertex at the Guild Elementary  - STEM,Ensuring Young People Succeed,Vertex,Guild Elementary School (BPS)
50,1.5,75,2128,HAW: Vertex at the Guild Elementary - Hands On,Ensuring Young People Succeed,Vertex,Guild Elementary School (BPS)
20,4,80,2124,HAW: Vertex at Henderson Upper School - STEM Fair,Ensuring Young People Succeed,Vertex,Henderson K-12 Inclusion School (BPS)
13,4,52,2124,HAW: Vertex at Henderson Upper School,Ensuring Young People Succeed,Vertex,Henderson K-12 Inclusion School (BPS)
24,4,96,2124,HAW: Vertex at the OW Holmes School (BPS),Ensuring Young People Succeed,Vertex,Oliver Wendell Holmes School (BPS)
17,4,68,2127,HAW: Vertex at the South Boston Neighborhood House,Ensuring Young People Succeed,Vertex,South Boston Neighborhood House
32,4,128,2125,HAW: Vertex at the Clap Innovation School (BPS),Ensuring Young People Succeed,Vertex,The Clap Innovation School (BPS)
6,4,24,2116,HAW: William Blair & Co. @ Women's Lunch Place,Basic Needs,William Blair & Company,Women's Lunch Place
38,3,114,2119,HAW: Audax at AIDS Action Committee,Health & Wellness,Audax Group,AIDS Action Committee
14,2,28,2119,HAW: Biogen Idec at Aids Action Committee,Health & Wellness,Biogen Idec,AIDS Action Committee
19,4,76,2122,HAW: Fidelity Investments at All Dorchester Sports,Ensuring Young People Succeed,Fidelity Investments,All Dorchester Sports League
70,4,280,2145,HAW: Clough Capital Partners at Arthur Healy School,Ensuring Young People Succeed,Clough Capital Partners Lp,Arthur D. Healey School (SPS)
35,4,140,1702,HAW: EMC @ Bethany Hill School,Ensuring Young People Succeed,EMC,Bethany Hill School
11,4,44,2118,HAW: Delta Dental @ Blackstone Elementary School (BPS),Ensuring Young People Succeed,Delta Dental,Blackstone Elementary School (BPS)
27,3.5,94.5,2151,HAW: Allstate Disaster Prep Kit Packing,Emergency Preparedness/DART,Allstate,Town of Everett
25,2,50,2114,HAW: AMAG Pharmaceuticals Onsite Fleece Blankets,Basic Needs,AMAG Pharmaceuticals,Victory Programs
27,5,135,2124,HAW: BCG at Henderson Upper School,Ensuring Young People Succeed,Boston Consulting Group,Henderson K-12 Inclusion School (BPS)
42,4,168,2038,HAW: EMC Lap Desks,Ensuring Young People Succeed,EMC,Mather Elementary School (BPS)
12,5.5,66,2135,HAW: NRECA at BGA,Ensuring Young People Succeed,National Rural Electric Cooperative Association,Boston Green Academy (BPS)
21,3,63,2120,Build Beds at Martin Luther King Day of Service 2015 Target Corp.,Ensuring Young People Succeed,Target Corp.,Victory Programs
28,4,112,2127,HAW: Vertex at Boston Green Academy,Cultural & Environmental Vibrancy,Vertex,Boston Green Academy (BPS)
11,3,33,2127,HAW: Oliver Wyman at Medal of Honor Park,Cultural & Environmental Vibrancy,Oliver Wyman,Boston Parks & Recreation Department: Medal of Honor Park
30,3,90,3079,HAW: Fidelity at BGC Greater Salem,Ensuring Young People Succeed,Fidelity Investments,Boys & Girls Club of Greater Salem
18,3,54,3060,HAW: Fidelity at Boys & Girls Club of Nashua - Day 1,Ensuring Young People Succeed,Fidelity Investments,Boys & Girls Club of Nashua
14,3,42,3060,HAW: Fidelity at Boys & Girls Club of Nashua - Day 2,Ensuring Young People Succeed,Fidelity Investments,Boys & Girls Club of Nashua
13,3.75,48.75,2142,HAW: Biogen at Cambridge Community Charter School STEM Fair,Ensuring Young People Succeed,Biogen Idec,Cambridge Community Charter School
23,4,92,2149,HAW: Biogen at Cambridge Health Alliance,Health & Wellness,Biogen Idec,Cambridge Health Alliance
29,3,87,2149,HAW: Vertex at Cambridge Health Alliance - Cambridge Hospital,Cultural & Environmental Vibrancy,Vertex,Cambridge Health Alliance
21,5,105,1810,HAW: EMD Serono at Camp Maude Eaton,Ensuring Young People Succeed,EMD Serono,Camp Maude Eaton
20,6,120,1852,HAW: Kronos at Cardinal Middle School,Ensuring Young People Succeed,Kronos,Cardinal O'Connell Middle School (Lowell)
34,2,68,1826,HAW: NetScout @ Catie's Closet,Ensuring Young People Succeed,NetScout,Catie's Closet
34,2,68,2114,"HAW: Converse Onsite Bed Build, Lap Desks, and Dream Catchers",Basic Needs,Converse,College Bound Dorchester
41,3,123,2119,HAW: Biogen Idec at Community Servings - AM,Health & Wellness,Biogen Idec,"Community Servings, Inc."
36,3,108,2119,HAW: Biogen Idec at Community Servings - PM,Health & Wellness,Biogen Idec,"Community Servings, Inc."
22,3,66,2119,HAW: EMD Serono at Community Servings,Health & Wellness,EMD Serono,"Community Servings, Inc."
93,3,279,2119,HAW: Shire Pharmaceuticals at Community Servings - AM,Health & Wellness,Shire Pharmaceuticals,"Community Servings, Inc."
44,3,132,2119,HAW: Shire Pharmaceuticals at Community Servings - PM,Health & Wellness,Shire Pharmaceuticals,"Community Servings, Inc."
79,4.5,355.5,2421,HAW: Shire Pharmaceuticals at Community Theraputic Day School,Ensuring Young People Succeed,Shire Pharmaceuticals,Community Therapeutic Day School
64,3,192,2127,HAW: Vertex at the Condon School,Cultural & Environmental Vibrancy,Vertex,Condon Elementary School (BPS)
13,4,52,2421,HAW: Shire Pharmaceuticals at Cotting School,Ensuring Young People Succeed,Shire Pharmaceuticals,Cotting School
19,5,95,2421,HAW: Shire Pharmaceuticals at Cotting School,Ensuring Young People Succeed,Shire Pharmaceuticals,Cotting School
28,5,140,2135,HAW: Biogen Idec at Cradles to Crayons - AM,Ensuring Young People Succeed,Biogen Idec,Cradles to Crayons
22,5,110,2135,HAW: Biogen Idec at Cradles to Crayons - PM,Ensuring Young People Succeed,Biogen Idec,Cradles to Crayons
43,2,86,2421,HAW: Shire Pharmecuticals Onsite,Ensuring Young People Succeed,Shire Pharmaceuticals,Cradles to Crayons
43,5,215,2135,HAW: Shire Pharmaceuticals at Cradles to Crayons,Ensuring Young People Succeed,Shire Pharmaceuticals,Cradles to Crayons
13,5,65,2332,HAW: EMD Serono at Crossroads for Kids,Cultural & Environmental Vibrancy,EMD Serono,Crossroads for Kids
37,4.5,166.5,2121,HAW: Fidelity Investments at Dearborn Middle School (BPS),Ensuring Young People Succeed,Fidelity Investments,Dearborn STEM Academy (BPS)
8,3,24,2125,HAW: Audax at Boston Cares Bed Build,Basic Needs,Audax Group,East Boston Neighborhood Health Center
20,4,80,2141,HAW: Biogen Idec at East End House,Equipping Adults to Beat Poverty,Biogen Idec,East End House
36,4,144,2145,HAW: Biogen at Elizabeth Peabody House,Ensuring Young People Succeed,Biogen Idec,Elizabeth Peabody House
47,4,188,2119,HAW: Vertex at the Elizabeth Stone House,Cultural & Environmental Vibrancy,Vertex,Elizabeth Stone House
44,3.5,154,3060,HAW: Fidelity at Elm Street - STEM Fair,Ensuring Young People Succeed,Fidelity Investments,Elm Street Middle School (NSD)
33,4,132,3060,HAW: Fidelity at Elm Street School,Ensuring Young People Succeed,Fidelity Investments,Elm Street Middle School (NSD)
174,3.5,609,2125,HAW: Management Solutions at Everett School,Cultural & Environmental Vibrancy,Management Solutions,Everett Elementary School (BPS)
76,2,152,2142,HAW: Biogen at Feeding Children Everywhere - SHIFT 1,Basic Needs,Biogen Idec,Feeding Children Everywhere
9,2,18,2142,HAW: Biogen at Feeding Children Everywhere - SHIFT 2,Basic Needs,Biogen Idec,Feeding Children Everywhere
12,1,12,2421,HAW: Shire Pharmaceuticals at Feeding Children Everywhere,Basic Needs,Shire Pharmaceuticals,Feeding Children Everywhere
15,4,60,1749,HAW: EMC @ Fresh Start Furniture Bank,Basic Needs,EMC,Fresh Start Furniture Bank
12,3,36,1742,HAW: Shire Pharmaceuticals at Gaining Ground,Equipping Adults to Beat Poverty,Shire Pharmaceuticals,Gaining Ground
10,2.5,25,2118,HAW: Biogen Idec at Greater Boston Food Bank -SHIFT 3,Basic Needs,Biogen Idec,Greater Boston Food Bank
19,2,38,2118,HAW: Biogen Idec at Greater Boston Food Bank,Basic Needs,Biogen Idec,Greater Boston Food Bank
25,3,75,3054,HAW: Fidelity at Greater Nashua YMCA,Ensuring Young People Succeed,Fidelity Investments,Greater Nashua YMCA
110,4,440,2129,HAW: Delta Dental @ Harvard Kent (BPS),Ensuring Young People Succeed,Delta Dental,Harvard-Kent Elementary School (BPS)
17,3,51,2119,HAW:Audax at HYCC,Cultural & Environmental Vibrancy,Audax Group,Hawthorne Youth and Community Center
23,4,92,2119,Grounds Makeover at Hawthorne Community Center,Ensuring Young People Succeed,Citi Foundation,Hawthorne Youth and Community Center
19,3,57,2125,HAW: Faber at Bed Build,Basic Needs,Faber,Heading Home
19,5,95,2124,HAW: American Tower at Henderson Inclusion School,Ensuring Young People Succeed,American Tower,Henderson K-12 Inclusion School (BPS)
9,3,27,2124,HAW: Biogen at Henderson - STEM Fair,Ensuring Young People Succeed,Biogen Idec,Henderson K-12 Inclusion School (BPS)
28,3,84,2125,Hands at Work: MFS Bed Build,Basic Needs,MFS Investment Management,Household Goods Recycling of Massachusetts
10,4,40,1845,HAW: Biogen Idec at International Medical Equipment Collaborative,Health & Wellness,Biogen Idec,International Medical Equipment Collaborative (IMEC)
29,4,116,1845,HAW: EMD Serono at IMEC,Health & Wellness,EMD Serono,International Medical Equipment Collaborative (IMEC)
7,2,14,1845,HAW: NetScout at IMEC,Basic Needs,NetScout,International Medical Equipment Collaborative (IMEC)
12,4,48,1845,HAW: Shire Pharmaceuticals at International Medical Equipment Collaborative,Basic Needs,Shire Pharmaceuticals,International Medical Equipment Collaborative (IMEC)
29,4,116,2124,HAW: Altman Vilandrie & Company at Lee Academy,Ensuring Young People Succeed,Altman Vilandrie & Company,Lee Academy Pilot School (BPS)
24,3,72,2124,HAW: Audax at Lee Academy,Ensuring Young People Succeed,Audax Group,Lee Academy Pilot School (BPS)
13,4,52,2420,HAW: Shire Pharmaceuticals at Dunback Meadow (Lexington Conversation Commission),Cultural & Environmental Vibrancy,Shire Pharmaceuticals,Lexington Conservation Commission
55,3,165,3104,HAW: Fidelity at Manchester Boys and Girls Club,Ensuring Young People Succeed,Fidelity Investments,Manchester Boys & Girls Club
27,2.92,78.84,2128,HAW: Fidelity Boston at Mario Umana Academy (BPS),Ensuring Young People Succeed,Fidelity Investments,Mario Umana Academy K-8 (BPS)
26,3,78,2126,HAW: Audax at Boston Nature Center,Cultural & Environmental Vibrancy,Audax Group,Massachusetts Audubon Society - Boston Nature Center
33,4,132,2126,HAW: Vertex at Boston Nature Center,Cultural & Environmental Vibrancy,Vertex,Massachusetts Audubon Society - Boston Nature Center
20,4,80,1773,HAW: Biogen Idec at Massachusetts Audubon Society - Drumlin Farms,Cultural & Environmental Vibrancy,Biogen Idec,Massachusetts Audubon Society - Drumlin Farms
33,4,132,1773,HAW: Shire Pharmaceuticals at Drumlin Farms,Cultural & Environmental Vibrancy,Shire Pharmaceuticals,Massachusetts Audubon Society - Drumlin Farms
11,4,44,2478,HAW: Shire Pharmaceuticals at Habitat Education Center,Cultural & Environmental Vibrancy,Shire Pharmaceuticals,Massachusetts Audubon Society - Habitat Education Center and Wildlife Sanctuary
30,3.5,105,2056,HAW: EMC at Stony Brook Sanctuary,Cultural & Environmental Vibrancy,EMC,Massachusetts Audubon Society - Stony Brook Sanctuary
39,2,78,2125,HAW: Air Worldwide Lap Desks,Basic Needs,Air-Worldwide,Mather Elementary School (BPS)
55,2.5,137.5,2122,HAW: Fidelity at Mather Elementary School (BPS),Ensuring Young People Succeed,Fidelity Investments,Mather Elementary School (BPS)
46,3.75,172.5,2122,HAW: Fidelity at Mather Elementary School (BPS),Ensuring Young People Succeed,Fidelity Investments,Mather Elementary School (BPS)
52,3.75,195,2122,HAW: Fidelity at Mather Elementary School (BPS),Ensuring Young People Succeed,Fidelity Investments,Mather Elementary School (BPS)
64,4.75,304,2122,HAW: Shire Pharmaceuticals at Mather Elementary School (BPS),Ensuring Young People Succeed,Shire Pharmaceuticals,Mather Elementary School (BPS)
10,4,40,2125,HAW: Shire Pharmaceuticals at McCormack Middle School (BPS),Ensuring Young People Succeed,Shire Pharmaceuticals,McCormack Middle School (BPS)
205,4,820,2026,HAW: EMC @ Mother Brook,Cultural & Environmental Vibrancy,EMC,Mother Brook Arts & Community Center
73,4.5,328.5,2026,HAW: Shire Pharmaceuticals at Mother Brook Arts & Community Center,Cultural & Environmental Vibrancy,Shire Pharmaceuticals,Mother Brook Arts & Community Center
38,4,152,2145,HAW: Baxalta at Mystic River Watershed Association,Cultural & Environmental Vibrancy,Baxalta,Mystic River Watershed Association
17,4,68,2145,HAW: Biogen Idec at Mystic River Watershed Association - AM,Cultural & Environmental Vibrancy,Biogen Idec,Mystic River Watershed Association
10,3.5,35,2145,HAW: Biogen Idec at Mystic River Watershed Association - PM,Cultural & Environmental Vibrancy,Biogen Idec,Mystic River Watershed Association
19,4,76,2122,HAW: Deutsche Bank @ Neighborhood House Charter School,Ensuring Young People Succeed,Deutsche Bank,Neighborhood House Charter School
70,3,210,2118,HAW: Biogen Idec at Pine Street Inn,Basic Needs,Biogen Idec,Pine Street Inn
20,4,80,2125,HAW: Beam Suntory Boston Cares Bed Build,Health & Wellness,Beam Suntory,Project Home Again
122,3.5,427,1752,HAW: EMC at Richer Elementary School,Ensuring Young People Succeed,EMC,Richer School (Marlborough Public Schools)
23,4,92,2143,HAW: Communispace Bed Build,Basic Needs,Communispace Corp.,Riverside Community Care
67,3,201,2125,HAW: Vertex at Boston Cares Bed Build,Basic Needs,Vertex,Riverside Community Care
32,4,128,1843,HAW: Shire Pharmaceuticals at Robert Frost School,Ensuring Young People Succeed,Shire Pharmaceuticals,Robert Frost Middle School
14,2,28,2116,HAW: Biogen Idec at Room to Grow - DAY 1,Basic Needs,Biogen Idec,Room to Grow
38,2,76,2116,HAW: Biogen Idec at Room to Grow - DAY 2,Basic Needs,Biogen Idec,Room to Grow
9,2,18,2116,HAW: EMD Serono at Room to Grow,Basic Needs,EMD Serono,Room to Grow
67,2,134,2116,HAW: Oliver Wyman at Room to Grow,Basic Needs,Oliver Wyman,Room to Grow
80,4,320,2116,HAW: Shire Pharmaceuticals at Room to Grow,Basic Needs,Shire Pharmaceuticals,Room to Grow
10,2.75,27.5,2121,HAW: Fidelity Investments at Sarah Greenwood School (BPS),Ensuring Young People Succeed,Fidelity Investments,Sarah Greenwood K-8 School (BPS)
10,3.75,37.5,2136,HAW: Fidelity Investments at Sarah Greenwood School (BPS),Ensuring Young People Succeed,Fidelity Investments,Sarah Greenwood K-8 School (BPS)
17,5,85,2189,HAW: EMD Serono at South Shore STARS,Ensuring Young People Succeed,EMD Serono,South Shore Day Care Services
19,2.5,47.5,2191,HAW: EMD Serono at The ARC of the South Shore,Health & Wellness,EMD Serono,The Arc of the South Shore
10,5,50,2370,HAW: EMD at The ARC of the South Shore - Weymouth,Health & Wellness,EMD Serono,The Arc of the South Shore
13,4.5,58.5,2124,HAW: Biogen Idec at The Boston Home,Health & Wellness,Biogen Idec,The Boston Home
15,4,60,2124,HAW: EMD Serono at The Boston Home,Health & Wellness,EMD Serono,The Boston Home
15,4,60,2119,HAW: Biogen Idec at The Dimock Community Health Center,Health & Wellness,Biogen Idec,The Dimock Community Health Center
18,3.5,63,2114,HAW: Biogen at The Esplanade Association,Cultural & Environmental Vibrancy,Biogen Idec,The Esplanade Association
42,3,126,1773,HAW: Shire Pharmaceuticals at The Food Project,Basic Needs,Shire Pharmaceuticals,The Food Project
25,3,75,1852,HAW: Biogen Idec at The Wish Project - DAY 1,Ensuring Young People Succeed,Biogen Idec,The Wish Project Inc.
24,3,72,1852,HAW: Biogen Idec at The Wish Project - DAY2,Ensuring Young People Succeed,Biogen Idec,The Wish Project Inc.
104,1,104,1852,HAW: Boston Scientific at Lowell Wish Project,Basic Needs,Boston Scientific,The Wish Project Inc.
11,4,44,1852,HAW: EMC Bed Build at New England Carpenters Training Fund,Basic Needs,EMC,The Wish Project Inc.
104,2.75,286,2124,HAW: Fidelity at UP Dorchester,Ensuring Young People Succeed,Fidelity Investments,UP Academy Charter School of Dorchester
23,3.75,86.25,2124,HAW: Fidelity at UP Dorchester,Ensuring Young People Succeed,Fidelity Investments,UP Academy Charter School of Dorchester
30,2.75,82.5,2121,HAW: Fidelity Investments at UP Holland,Ensuring Young People Succeed,Fidelity Investments,UP Holland (BPS)
39,3,117,2132,HAW: CBRE at Urban Science Academy - SHIFT 1,Ensuring Young People Succeed,CBRE Group,Urban Science Academy (BPS)
29,3,87,2132,HAW: CBRE at Urban Science Academy - SHIFT 2,Ensuring Young People Succeed,CBRE Group,Urban Science Academy (BPS)
20,4,80,2132,HAW: Shire Pharmaceuticals at Urban Science Academy,Ensuring Young People Succeed,Shire Pharmaceuticals,Urban Science Academy (BPS)
36,1,36,2142,HAW: Baxalta Onsite Vet Kits,Basic Needs,Baxalta,VA Boston Healthcare System
60,3,180,2125,HAW: Braver Wealth Management at Make A Difference Day,Basic Needs,Braver Wealth Management,Victory Programs
21,3,63,2125,HAW: Charles River Associates at Make A Difference Day,Basic Needs,Charles River Associates,Victory Programs
20,3,60,2125,HAW: Kaufman Rossin Fund Services & Endicott Colleage at Make A Difference Day,Basic Needs,Kaufman Rossin Fund Services,Victory Programs
50,3,150,2124,HAW: Biogen at ReVision Urban Farm - DAY 1,Health & Wellness,Biogen Idec,Victory Programs' ReVision Urban Farm
17,3,51,2124,HAW: Biogen at ReVision Urban Farm - DAY 2,Health & Wellness,Biogen Idec,Victory Programs' ReVision Urban Farm
31,3,93,2452,HAW: Shire Pharmaceuticals at Waltham Fields Community Farm,Cultural & Environmental Vibrancy,Shire Pharmaceuticals,Waltham Fields Community Farm
22,3.25,71.5,2129,HAW: Delta Dental @ Warren Prescott School,Ensuring Young People Succeed,Delta Dental,Warren/Prescott K-8 School (BPS)
57,5,285,1106,HAW: Newell Rubbermaid at Willie Ross School for the Deaf,Ensuring Young People Succeed,Newell Rubbermaid,Willie Ross School for the Deaf
22,4.5,99,2135,HAW: Shire Pharmaceuticals at Winship Elementary (BPS),Ensuring Young People Succeed,Shire Pharmaceuticals,Winship Elementary School (BPS)
30,4,120,2135,HAW: Shire Pharmaceuticals at Winship Elementary (BPS),Ensuring Young People Succeed,Shire Pharmaceuticals,Winship Elementary School (BPS)
17,3,51,2121,HAW: Biogen at Stone Zoo - DAY 1,Cultural & Environmental Vibrancy,Biogen Idec,Zoo New England
17,2.5,42.5,2121,HAW: Biogen at Franklin Park Zoo - DAY 1,Cultural & Environmental Vibrancy,Biogen Idec,Zoo New England
24,2.5,60,2121,HAW: Biogen at Franklin Park Zoo - DAY 2,Cultural & Environmental Vibrancy,Biogen Idec,Zoo New England
50,3,150,2180,HAW: Biogen at Stone Zoo - DAY 2,Cultural & Environmental Vibrancy,Biogen Idec,Zoo New England
41,2,82,2119,HAW: Biogen Idec at AIDS Action Committee AM,Health & Wellness,Biogen Idec,AIDS Action Committee
232,2,464,2119,HAW: Biogen Idec at Aids Action Committee PM,Health & Wellness,Biogen Idec,AIDS Action Committee
12,3.5,42,2122,HAW: Fidelity Investments at All Dorchester Sports,Ensuring Young People Succeed,Fidelity Investments,All Dorchester Sports League
32,3.5,112,2118,HAW: Gates Milennium at Red Cross Food Pantry,Basic Needs,Gates Millennium Scholarship Program,American Red Cross of Eastern Massachusetts Food Pantry
16,3.5,56,92113,HAW: AARP at San Diego Convention Center (Learning Aids - Book Preservation),Ensuring Young People Succeed,AARP,Barrio Logan College Institute
46,3,138,1702,Boston Scientific at Bethany Hill School,Ensuring Young People Succeed,Boston Scientific,Bethany Hill School
126,3,378,2125,Boston Scientific Builds Toddler Beds,Basic Needs,Boston Scientific,Project Home Again
42,2,84,2120,"Corporate Reimbursement Services, Inc. - Martin Luther King, Jr. Day of Service AM ",Ensuring Young People Succeed,Corporate Reimbursement Services,Victory Programs
41,2,82,2120,"Corporate Reimbursement Services, Inc. - Martin Luther King, Jr. Day of Service PM",Ensuring Young People Succeed,Corporate Reimbursement Services,Project Home Again
20,3,60,2114,HAW: Cubist Pharmaceuticals at Gaining Ground AM,Basic Needs,"Cubist Pharmaceuticals, Inc.",Gaining Ground
34,2,68,2114,HAW: Gates Milennium at Madison Park High School,Ensuring Young People Succeed,Gates Millennium Scholarship Program,Madison Park High School
32,2,64,2114,HAW: Gates Milennium at Boston Cares Bed Project,Ensuring Young People Succeed,Gates Millennium Scholarship Program,Project Home Again
16,3,48,2114,HAW: Gates Milennium at Madison Park High School AM ,Ensuring Young People Succeed,Gates Millennium Scholarship Program,Madison Park High School
22,2,44,2114,HAW: Gates Milennium at Boston Cares Bed Project AM ,Ensuring Young People Succeed,Gates Millennium Scholarship Program,Project Home Again
18,3.5,63,2210,HAW: AARP at Boston Convention Center,Equipping Adults to Beat Poverty,AARP,Boston Convention and Exhibition Center
58,4.5,261,2127,HAW: Bain & Company at Boston Green Academy (BPS),Ensuring Young People Succeed,Bain & Company,Boston Green Academy (BPS)
16,4,64,2127,HAW: Clough Capital Management at Boston Green Academy (BPS),Ensuring Young People Succeed,Clough Capital Partners Lp,Boston Green Academy (BPS)
37,5,185,2110,HAW: Biogen Idec at Boston Harbor Island Alliance,Cultural & Environmental Vibrancy,Biogen Idec,Boston Harbor Island Alliance
43,2.5,107.5,2119,HAW: Fidelity at Dearborn School,Ensuring Young People Succeed,Fidelity Investments,Boston Public Schools
23,3,69,3060,HAW: Fidelity at Boys and Girls Club of Nashua,Ensuring Young People Succeed,Fidelity Investments,Boys & Girls Club of Nashua
18,3,54,3060,HAW: Fidelity at Boys & Girls Club of Nashua AM ,Ensuring Young People Succeed,Fidelity Investments,Boys & Girls Club of Nashua
15,3.5,52.5,3060,HAW: Fidelity at Boys & Girls Club of Nashua PM ,Ensuring Young People Succeed,Fidelity Investments,Boys & Girls Club of Nashua
24,4.5,108,2149,"HAW: Biogen Idec at Boys & Girls Clubs of Middlesex County, Inc",Ensuring Young People Succeed,Biogen Idec,"Boys & Girls Clubs of Middlesex County, Inc"
21,4,84,2149,"HAW: Dräger at Boys & Girls Clubs of Middlesex County, Inc",Ensuring Young People Succeed,Dräger,"Boys & Girls Clubs of Middlesex County, Inc"
171,3.5,598.5,3055,HAW: Fidelity at Boys and Girls Club of Souhegan Valley,Ensuring Young People Succeed,Fidelity Investments,Boys and Girls Club of Souhegan Valley
11,4,44,2135,HAW: Clough Capital LP at Bridge Over Troubled Waters,Ensuring Young People Succeed,Clough Capital Partners Lp,Bridge Over Troubled Waters
7,4,28,Boston,EMC at Camp Harbor View STEM Fair,Ensuring Young People Succeed,EMC,Camp Harbor View (BGCB)
49,2,98,2114,HAW: L.E.K. Consulting at Charles River Watershed Association,Cultural & Environmental Vibrancy,L.E.K. Consulting,Charles River Watershed Association
61,5,305,1752,HAW: Sunovion at City of Marlborough Ghiloni Park AM ,Cultural & Environmental Vibrancy,Sunovion,City of Marlborough Ghiloni Park
13,5,65,1752,HAW: Sunovion at City of Marlborough Ghiloni Park PM ,Cultural & Environmental Vibrancy,Sunovion,City of Marlborough Ghiloni Park
14,2,28,2119,HAW: Bain & Company at Community Servings,Equipping Adults to Beat Poverty,Bain & Company,"Community Servings, Inc."
16,3,48,2119,HAW: Biogen Idec at Community Servings Day 1 AM,Health & Wellness,Biogen Idec,"Community Servings, Inc."
28,3,84,2119,HAW: Biogen Idec at Community Servings Day 1 PM,Health & Wellness,Biogen Idec,"Community Servings, Inc."
22,3,66,2119,HAW: Biogen Idec at Community Servings Day 2 AM,Health & Wellness,Biogen Idec,"Community Servings, Inc."
18,3,54,2119,HAW: Gates Milennium at Community Servings,Health & Wellness,Gates Millennium Scholarship Program,"Community Servings, Inc."
92,6,552,2127,HAW: Gates Milennium at Condon Elementary,Ensuring Young People Succeed,Gates Millennium Scholarship Program,Condon Elementary School (BPS)
21,5,105,2108,HAW: Bain & Company at Countdown to Kindergarten (BPS),Ensuring Young People Succeed,Bain & Company,Countdown To Kindergarten (BPS)
83,2,166,2135,HAW: AARP @50+ at Cradles to Crayons,Ensuring Young People Succeed,AARP,Cradles to Crayons
51,5,255,2135,HAW: Bain & Company at Cradles to Crayons,Ensuring Young People Succeed,Bain & Company,Cradles to Crayons
67,5,335,2135,HAW: Biogen Idec at Cradles to Crayons AM,Ensuring Young People Succeed,Biogen Idec,Cradles to Crayons
73,5,365,2135,HAW: Biogen Idec at Cradles to Crayons PM,Ensuring Young People Succeed,Biogen Idec,Cradles to Crayons
23,2,46,2135,Boston Scientific at Cradles to Crayons,Ensuring Young People Succeed,Boston Scientific,Cradles to Crayons
19,2,38,2135,HAW: Cubist Pharmaceuticals at Cradles to Crayons AM ,Ensuring Young People Succeed,"Cubist Pharmaceuticals, Inc.",Cradles to Crayons
51,2,102,2135,HAW: Cubist Pharmaceuticals at Cradles to Crayons PM,Ensuring Young People Succeed,"Cubist Pharmaceuticals, Inc.",Cradles to Crayons
36,3.5,126,2119,HAW: Fidelity Investments at Dearborn Middle School (BPS) AM ,Ensuring Young People Succeed,Fidelity Investments,Dearborn STEM Academy (BPS)
34,3,102,2119,HAW: Fidelity Investments at Dearborn Middle School (BPS) PM ,Ensuring Young People Succeed,Fidelity Investments,Dearborn STEM Academy (BPS)
24,4,96,2141,HAW: Biogen Idec at East End House,Equipping Adults to Beat Poverty,Biogen Idec,East End House
13,3,39,2145,HAW: Gates Milennium at Elizabeth Peabody House,Basic Needs,Gates Millennium Scholarship Program,Elizabeth Peabody House
40,4,160,2119,HAW: Cushman & Wakefield at Mendell Elementary School Day 1,Ensuring Young People Succeed,Cushman & Wakefield,Ellis Mendell Elementary School (BPS)
25,4,100,2119,HAW: Cushman & Wakefield at Mendell Elementary School Day 2,Ensuring Young People Succeed,Cushman & Wakefield,Ellis Mendell Elementary School (BPS)
15,3,45,3060,HAW: Fidelity at Elm Street School,Ensuring Young People Succeed,Fidelity Investments,Elm Street Middle School (NSD)
17,4,68,2125,HAW: Spring in the Schoolyard,Ensuring Young People Succeed,Spring in the Schoolyard,Everett Elementary School (BPS)
36,4,144,1604,HAW: TJX at NECTF Bed Build,Basic Needs,"The TJX Companies, Inc.","Friendly House, INC"
29,4,116,1702,Boston Scientific Science Fair (Fuller Middle School),Ensuring Young People Succeed,Boston Scientific,Fuller Middle School (Framingham Public Schools)
23,3,69,2114,HAW: Cubist Pharmaceuticals at Gaining Ground PM ,Basic Needs,"Cubist Pharmaceuticals, Inc.",Gaining Ground
12,4,48,2134,Boston Scientific at Gardner Pilot Academy,Ensuring Young People Succeed,Boston Scientific,Gardner Pilot Academy (BPS)
37,2,74,2118,HAW: AARP at Greater Boston Food Bank,Health & Wellness,AARP,Greater Boston Food Bank
19,2.5,47.5,2118,HAW: Bain & Company at Greater Boston Food Bank,Health & Wellness,Bain & Company,Greater Boston Food Bank
15,2.5,37.5,2118,HAW: Biogen Idec at Greater Boston Food Bank AM,Equipping Adults to Beat Poverty,Biogen Idec,Greater Boston Food Bank
27,2.5,67.5,2118,HAW: Biogen Idec at Greater Boston Food Bank PM,Equipping Adults to Beat Poverty,Biogen Idec,Greater Boston Food Bank
15,2.5,37.5,2118,HAW: Cubist Pharmaceuticals at the Greater Boston Food Bank,Basic Needs,"Cubist Pharmaceuticals, Inc.",Greater Boston Food Bank
17,5,85,2119,HAW: Oliver Wyman at Hale Elementary School,Ensuring Young People Succeed,Oliver Wyman,Hale Elementary School (BPS)
29,4,116,,HAW: Bain & Company at Haley House,Equipping Adults to Beat Poverty,Bain & Company,Haley House
26,5,130,1841,HAW: Fidelity Investments at High School Learning Center (Lawrence),Ensuring Young People Succeed,Fidelity Investments,High School Learning Center (Lawrence)
50,5,250,1720,HAW: Altria at Millbury - Bed Build,Basic Needs,Altria,Household Goods Recycling of Massachusetts
37,4,148,1720,HAW: Bain & Company at Toddler Bed Build,Basic Needs,Bain & Company,Household Goods Recycling of Massachusetts
26,4,104,1720,HAW: MaPS at Carpenters Union Bed Build (Make A Difference Day),Ensuring Young People Succeed,Marketing and Planning Systems,Household Goods Recycling of Massachusetts
26,3,78,1720,Hands at Work: MFS Bed Build AM ,Basic Needs,MFS Investment Management,Household Goods Recycling of Massachusetts
32,3,96,1720,Hands at Work: MFS Bed Build PM,Basic Needs,MFS Investment Management,Household Goods Recycling of Massachusetts
47,4,188,1720,HAW: State House News Service at Carpenters Union (Make A Difference Day),Ensuring Young People Succeed,State House News Service,Household Goods Recycling of Massachusetts
23,2,46,1720,HAW: TripAdvisor at TripAdvisor,Ensuring Young People Succeed,TripAdvisor,Household Goods Recycling of Massachusetts
29,3,87,1845,HAW: Bain & Company at International Medical Equipment Collaborative,Basic Needs,Bain & Company,International Medical Equipment Collaborative (IMEC)
18,4,72,1845,HAW: Biogen Idec at International Medical Equipment Collaborative,Health & Wellness,Biogen Idec,International Medical Equipment Collaborative (IMEC)
63,2,126,1845,HAW: Cubist Pharmaceuticals at International Medical Equipment Collaborative,Basic Needs,"Cubist Pharmaceuticals, Inc.",International Medical Equipment Collaborative (IMEC)
23,5,115,1752,HAW: Sunovion at Jaworek School,Ensuring Young People Succeed,Sunovion,Jaworek School (Marlboro Public Schools)
26,5,130,1752,HAW: Sunovion Onsite Portable Project,Ensuring Young People Succeed,Sunovion,Jaworek School (Marlboro Public Schools)
24,5,120,1843,HAW: Cubist Pharmaceuticals at John Breen School,Ensuring Young People Succeed,"Cubist Pharmaceuticals, Inc.",John Breen School
26,5,130,1752,HAW: Sunovion at Kane School,Ensuring Young People Succeed,Sunovion,Kane School (Marlboro Public Schools)
20,3,60,2122,HAW: AARP @50+ at Kit Clark Senior Services,Health & Wellness,AARP,Kit Clark Senior Services
13,4,52,2124,HAW: Bain & Company at Lee Academy Pilot School (BPS),Ensuring Young People Succeed,Bain & Company,Lee Academy Pilot School (BPS)
16,4.5,72,2124,HAW: Delta Dental at Lee Academy Shift 1 of 6 ,Ensuring Young People Succeed,Delta Dental,Lee Academy Pilot School (BPS)
28,4,112,2124,HAW: Delta Dental at Lee Academy Shift 2 of 6 ,Ensuring Young People Succeed,Delta Dental,Lee Academy Pilot School (BPS)
17,4,68,2124,HAW: Delta Dental at Lee Academy Shift 3 of 6 ,Ensuring Young People Succeed,Delta Dental,Lee Academy Pilot School (BPS)
22,4,88,2124,HAW: Delta Dental at Lee Academy Shift 4 of 6 ,Ensuring Young People Succeed,Delta Dental,Lee Academy Pilot School (BPS)
36,5,180,2124,HAW: Delta Dental at Lee Academy Shift 5 of 6 ,Ensuring Young People Succeed,Delta Dental,Lee Academy Pilot School (BPS)
24,5,120,2124,HAW: Delta Dental at Lee Academy Shift 6 of 6 ,Ensuring Young People Succeed,Delta Dental,Lee Academy Pilot School (BPS)
25,4,100,2124,HAW: UBS at Lee Academy Pilot School,Ensuring Young People Succeed,UBS,Lee Academy Pilot School (BPS)
25,3,75,2420,HAW: Cubist Pharmaceuticals at Lexington Conservation Commission/Dunback Meadow,Cultural & Environmental Vibrancy,"Cubist Pharmaceuticals, Inc.",Lexington Conservation Commission
7,4,28,2139,HAW: Cubist Pharmaceuticals at Margaret Fuller Neighborhood House (Science Fair),Basic Needs,"Cubist Pharmaceuticals, Inc.",Margaret Fuller Neighborhood House
35,3,105,2128,HAW: Fidelity Boston at Mario Umana Academy (BPS),Ensuring Young People Succeed,Fidelity Investments,Mario Umana Academy K-8 (BPS)
18,4,72,1752,HAW: Sunovion at Marlborough High School,Ensuring Young People Succeed,Sunovion,Marlborough High School
9,5,45,1752,HAW: Sunovion at Marlborough Housing Authority,Basic Needs,Sunovion,Marlborough Housing Authority
19,5,95,1752,HAW: Sunovion at Marlborough Public Library,Cultural & Environmental Vibrancy,Sunovion,Marlborough Public Library
23,6,138,2119,HAW: American Tower at Mason Pilot Elementary School,Ensuring Young People Succeed,American Tower,Mason Pilot Elementary School (BPS)
18,5,90,2119,HAW: Cabot Corp at Mason Pilot Elementary School (BPS),Ensuring Young People Succeed,Cabot Corporation,Mason Pilot Elementary School (BPS)
27,4,108,1773,HAW: Biogen Idec at Massachusetts Audubon Society - Drumlin Farms,Cultural & Environmental Vibrancy,Biogen Idec,Massachusetts Audubon Society - Drumlin Farms
41,4,164,1773,Boston Scientific at Massachusetts Audubon Society - Drumlin Farms,Cultural & Environmental Vibrancy,Boston Scientific,Massachusetts Audubon Society - Drumlin Farms
20,3,60,2478,HAW: Corporate Reimbursement Services at Massachusetts Audubon Society - Habitat,Cultural & Environmental Vibrancy,Corporate Reimbursement Services,Massachusetts Audubon Society - Habitat Education Center and Wildlife Sanctuary
24,4,96,1604,HAW: EMC at Massachusetts Audubon Society - Broad Meadow Brook,Cultural & Environmental Vibrancy,EMC,Massachusetts Audubon Society-Broad Meadow Brook Sanctuary (Worcester)
31,5,155,2122,HAW: BCG at Mather Elementary (BPS),Ensuring Young People Succeed,BCG Boston,Mather Elementary School (BPS)
19,3.5,66.5,2122,HAW: Fidelity at Mather Elementary School (BPS),Ensuring Young People Succeed,Fidelity Investments,Mather Elementary School (BPS)
13,6,78,2122,HAW: Gates Millennium Scholarship Program at Mather Elementary School (BPS),Ensuring Young People Succeed,Gates Millennium Scholarship Program,Mather Elementary School (BPS)
33,6,198,2122,HAW: Gates Milennium at Mather Elementary,Ensuring Young People Succeed,Gates Millennium Scholarship Program,Mather Elementary School (BPS)
45,2,90,2122,HAW: Gates Millennium at Mather Elementary School,Ensuring Young People Succeed,Gates Millennium Scholarship Program,Mather Elementary School (BPS)
64,4,256,1748,Boston Scientific at Metrowest YMCA Family Camp,Ensuring Young People Succeed,Boston Scientific,MetroWest YMCA Day Camp
85,2,170,2453,HAW: Gates Millennium at More Than Words,Ensuring Young People Succeed,Gates Millennium Scholarship Program,More Than Words
66,4,264,1844,HAW: Cubist Pharmaceuticals at MSPCA/Nevins Farm,Cultural & Environmental Vibrancy,"Cubist Pharmaceuticals, Inc.",MSPCA: Animal Care and Adoption Center - Nevins Farm
146,3,438,3060,HAW: Fidelity at Mt. Pleasant School,Ensuring Young People Succeed,Fidelity Investments,Mt. Pleasant Elementary School (NSD)
88,3.5,308,2145,HAW: Biogen Idec at Mystic River Watershed Association,Cultural & Environmental Vibrancy,Biogen Idec,Mystic River Watershed Association
22,4,88,2476,HAW: Cubist Pharmaceuticals at Mystic River Watershed Association,Cultural & Environmental Vibrancy,"Cubist Pharmaceuticals, Inc.",Mystic River Watershed Association
33,4,132,2122,HAW: Deutsche Bank @ Neighborhood House Charter School,Ensuring Young People Succeed,Deutsche Bank,Neighborhood House Charter School
44,4,176,2116,HAW: Bain & Company On-Site Project,Equipping Adults to Beat Poverty,Bain & Company,New England Center and Home for Veterans
27,5,135,91436,HAW: UTC Aerospace Systems at UTC Aerospace Systems,Basic Needs,UTC Aerospace Systems,Operation Gratitude
44,1,44,50258,"HAW: Biogen Idec with Outreach, Inc.",Basic Needs,Biogen Idec,"Outreach, Inc."
41,1,41,50258,"HAW: Cubist Pharmaceuticals for Outreach, Inc Day 1 AM ",Basic Needs,"Cubist Pharmaceuticals, Inc.","Outreach, Inc."
12,1,12,50258,"HAW: Cubist Pharmaceuticals for Outreach, Inc Day 1 PM",Basic Needs,"Cubist Pharmaceuticals, Inc.","Outreach, Inc."
14,1,14,50258,"HAW: Cubist Pharmaceuticals for Outreach, Inc Day 2 AM ",Basic Needs,"Cubist Pharmaceuticals, Inc.","Outreach, Inc."
25,2,50,50258,"HAW: Nitsch Engineering at Outreach, Inc.",Equipping Adults to Beat Poverty,Nitsch Engineering,"Outreach, Inc."
11,4,44,2118,HAW: Bain & Company at Pine Street Inn,Equipping Adults to Beat Poverty,Bain & Company,Pine Street Inn
23,4,92,2118,HAW: Cubist Pharmaceuticals at Pine Street Inn,Basic Needs,"Cubist Pharmaceuticals, Inc.",Pine Street Inn
15,4,60,1752,HAW: Sunovion at Richer School (Marlborough Public Schools),Ensuring Young People Succeed,Sunovion,Richer School (Marlborough Public Schools)
22,2,44,2116,HAW: Bain & Company at Room to Grow,Ensuring Young People Succeed,Bain & Company,Room to Grow
14,2,28,2116,HAW: Biogen Idec at Room to Grow,Basic Needs,Biogen Idec,Room to Grow
35,2,70,2116,HAW: Oliver Wyman at Room to Grow,Ensuring Young People Succeed,Oliver Wyman,Room to Grow
34,3,102,2110,Boston Scientific at Rose Fitzgerald Kennedy Greenway Conservancy,Cultural & Environmental Vibrancy,Boston Scientific,Rose Kennedy Greenway Conservancy
16,3.5,56,92105,HAW: AARP at San Diego Convention Center (Skateboards),Ensuring Young People Succeed,AARP,San Diego Unified School District
12,3.5,42,92101,HAW: AARP at San Diego Convention Center (Gift Boxes),Health & Wellness,AARP,Serving Seniors
14,3.5,49,92101,HAW: AARP at San Diego Convention Center (Learning Aids - Lap Desks),Ensuring Young People Succeed,AARP,Serving Seniors
29,4,116,2124,HAW: Biogen Idec at The Boston Home,Health & Wellness,Biogen Idec,The Boston Home
10,4,40,2119,HAW: Biogen Idec at The Dimock Community Health Center,Health & Wellness,Biogen Idec,The Dimock Community Health Center
88,5,440,2119,HAW: Sun Life Financial at the Dimock Center,Health & Wellness,Sun Life Financial,The Dimock Community Health Center
88,3.5,308,2114,HAW: Cubist Pharmaceuticals at The Esplanade Association,Cultural & Environmental Vibrancy,"Cubist Pharmaceuticals, Inc.",The Esplanade Association
13,4,52,1701,HAW: Bain & Company at The Learning Center for the Deaf,Ensuring Young People Succeed,Bain & Company,The Learning Center for the Deaf
151,4,604,1701,HAW: EMC at The Learning Center for the Deaf AM ,Ensuring Young People Succeed,EMC,The Learning Center for the Deaf
14,4,56,1701,HAW: EMC at The Learning Center for the Deaf PM ,Ensuring Young People Succeed,EMC,The Learning Center for the Deaf
19,3,57,1852,HAW: Biogen Idec at The Wish Project AM,Ensuring Young People Succeed,Biogen Idec,The Wish Project Inc.
20,3,60,1852,HAW: Biogen Idec at The Wish Project PM,Ensuring Young People Succeed,Biogen Idec,The Wish Project Inc.
8,3,24,2125,HAW: CBRE at Carpenters Union (Make A Difference Day),Basic Needs,CBRE Group,The Wish Project Inc.
77,4,308,2125,HAW: EMC Bed Build at New England Carpenters Training Fund AM ,Basic Needs,EMC,The Wish Project Inc.
18,5,90,2125,HAW: EMC Bed Build at New England Carpenters Training Fund PM ,Basic Needs,EMC,The Wish Project Inc.
40,4,160,1852,HAW: EMD Millipore Bed Build,Health & Wellness,EMD Millipore,The Wish Project Inc.
12,2.5,30,1852,HAW: NetScout at The Wish Project,Basic Needs,NetScout,The Wish Project Inc.
40,2,80,2120,"Target Corp. - Construct Toddler Beds at Martin Luther King, Jr. Day of Service",Basic Needs,Target Corp.,The Wish Project Inc.
26,3,78,2124,HAW: Fidelity at UP Academy,Ensuring Young People Succeed,Fidelity Investments,UP Academy Charter School of Dorchester
8,3.5,28,2124,HAW: Fidelity at UP Dorchester,Ensuring Young People Succeed,Fidelity Investments,UP Academy Charter School of Dorchester
14,3.5,49,2121,HAW: Fidelity Investments at UP Holland,Ensuring Young People Succeed,Fidelity Investments,UP Holland (BPS)
16,3.5,56,2116,HAW: Embassy Suites at Organization Victory Programs,Ensuring Young People Succeed,Embassy Suites,Victory Programs
26,3.5,91,92123,HAW: AARP at San Diego Convention Center (Learning Aids - Flashcards),Ensuring Young People Succeed,AARP,Voices for Children
20,5,100,1752,HAW: Sunovion at Whitcomb Middle School (Marlborough Public Schools),Ensuring Young People Succeed,Sunovion,Whitcomb Middle School (Marlborough Public Schools)
31,4,124,2145,HAW: Biogen Idec at Winter Hill Community School (STEM Fair),Ensuring Young People Succeed,Biogen Idec,Winter Hill Community School (SPS)
50,3,150,1545,Boston Scientific at Worcester County Food Bank,Basic Needs,Boston Scientific,Worcester County Food Bank
228,4,912,1603,HAW: EMC at Worcester Public Schools,Ensuring Young People Succeed,EMC,Worcester Public Schools
6,4,24,2115,HAW: Gates Milennium at MissionWorks X-Cel Adult Education,Equipping Adults to Beat Poverty,Gates Millennium Scholarship Program,X-Cel Education
61,4,244,2138,HAW: Cubist Pharmaceuticals at Youville Place - Assisted Living Residences,Health & Wellness,"Cubist Pharmaceuticals, Inc.",Youville Healthcare Center Inc
23,1,23,2111,HAW: Boston Scientific makes Fleece Scarves,Basic Needs,Boston Scientific,Action for Boston Community Development (ABCD)
351,3,1053,2130,HAW: Bain & Company at AAC Boomerangs,Equipping Adults to Beat Poverty,Bain & Company,AIDS Action Committee
15,2,30,2130,HAW: Biogen Idec at Aids Action Committee,Health & Wellness,Biogen Idec,AIDS Action Committee
11,1,11,2116,HAW: Jack and Jill of America Sandwich Making Project,Basic Needs,Jack and Jill of America,Red Cross Food Pantry
23,3.5,80.5,2114,HAW: KPMG onsite project,Ensuring Young People Succeed,KPMG Consulting,Edward Everett
17,0.08,1.36,2114,HAW: RedHat Onsite project,Ensuring Young People Succeed,Red Hat,East End House
22,0.08,1.76,2114,HAW: Red Hat Onsite Project,Basic Needs,Red Hat,New England Center for Homeless Veterans
102,5,510,2130,HAW: TUGG at Boston Parks and Recreation Department,Cultural & Environmental Vibrancy,TUGG,Boston Parks and Recreation Department
16,3.5,56,2155,HAW: Biogen Idec at Boys & Girls Club of Medford,Ensuring Young People Succeed,Biogen Idec,Boys & Girls Club of Medford
4,4,16,3060,HAW: Fidelity at Boys & Girls Club of Nashua,Ensuring Young People Succeed,Fidelity Investments,Boys & Girls Club of Nashua
17,4,68,3060,HAW: Fidelity at Greater Nashua YMCA,Ensuring Young People Succeed,Fidelity Investments,Boys & Girls Club of Nashua
75,4,300,1610,HAW: Sunovion at Boys & Girls Club of Worcester,Ensuring Young People Succeed,Sunovion,Boys & Girls Club of Worcester
7,3,21,1752,Boston Scientific at Boys and Girls Club of Marlborough,Ensuring Young People Succeed,Boston Scientific,Boys and Girls Club of MetroWest
14,5,70,1752,HAW: Sunovion at Boys and Girls Club of MetroWest,Ensuring Young People Succeed,Sunovion,Boys and Girls Club of MetroWest
36,4,144,2135,HAW: Clough Capital LP at Bridge Over Troubled Waters AM ,Ensuring Young People Succeed,Clough Capital Partners Lp,Bridge Over Troubled Waters
15,4,60,2135,HAW: Clough Capital LP at Bridge Over Troubled Waters PM ,Ensuring Young People Succeed,Clough Capital Partners Lp,Bridge Over Troubled Waters
34,5,170,2135,HAW: Delta Dental at Bridge Over Troubled Waters AM ,Ensuring Young People Succeed,Delta Dental,Bridge Over Troubled Waters
158,5,790,2135,HAW: Delta Dental at Bridge Over Troubled Waters PM,Ensuring Young People Succeed,Delta Dental,Bridge Over Troubled Waters
9,3.5,31.5,2139,HAW: Crum & Forster at Cambridge Community Center,Basic Needs,Crum & Forester,Cambridge Community Center
4,3,12,2114,HAW: JetBlue at Charles River Clean-up,Cultural & Environmental Vibrancy,JetBlue,Charles River Watershed Association
6,4,24,2119,HAW: Bain & Company at Community Servings,Equipping Adults to Beat Poverty,Bain & Company,"Community Servings, Inc."
20,3,60,2119,HAW: Biogen Idec at Community Servings Day 1 AM ,Health & Wellness,Biogen Idec,"Community Servings, Inc."
35,3,105,2119,HAW: Biogen Idec at Community Servings Day 1 PM ,Health & Wellness,Biogen Idec,"Community Servings, Inc."
10,3,30,2119,HAW: Biogen Idec at Community Servings Day 2 AM ,Health & Wellness,Biogen Idec,"Community Servings, Inc."
18,3,54,2119,HAW: Biogen Idec at Community Servings Day 2 PM,Health & Wellness,Biogen Idec,"Community Servings, Inc."
34,3,102,2119,HAW: Delta Dental at Community Servings AM ,Equipping Adults to Beat Poverty,Delta Dental,"Community Servings, Inc."
26,3,78,2119,HAW: Delta Dental at Community Servings PM ,Equipping Adults to Beat Poverty,Delta Dental,"Community Servings, Inc."
63,4,252,2127,HAW: Credo Reference at Condon Elementary School (BPS),Ensuring Young People Succeed,Credo Reference,Condon Elementary School (BPS)
18,5.5,99,2127,HAW: Cabot Corporation at Condon Elementary School (BPS),Ensuring Young People Succeed,Cabot Corporation,Condon Elementary School (BPS)
27,3.5,94.5,2108,HAW: Bain & Company at Countdown to Kindergarten (BPS),Ensuring Young People Succeed,Bain & Company,Countdown To Kindergarten (BPS)
43,5,215,2135,HAW: Bain & Company at Cradles to Crayons,Ensuring Young People Succeed,Bain & Company,Cradles to Crayons
16,2,32,2135,HAW: Biogen Idec at Cradles to Crayons Day 1 AM ,Ensuring Young People Succeed,Biogen Idec,Cradles to Crayons
14,2,28,2135,HAW: Biogen Idec at Cradles to Crayons Day 1 PM ,Ensuring Young People Succeed,Biogen Idec,Cradles to Crayons
16,2,32,2135,HAW: Biogen Idec at Cradles to Crayons Day 2 AM ,Ensuring Young People Succeed,Biogen Idec,Cradles to Crayons
29,2,58,2135,Boston Scientific at Cradles to Crayons,Basic Needs,Boston Scientific,Cradles to Crayons
36,4,144,2135,HAW: Sunovion at Cradles to Crayons,Ensuring Young People Succeed,Sunovion,Cradles to Crayons
27,4,108,2130,HAW: Target at Curley K-8 School (BPS),Ensuring Young People Succeed,Target,Curley K-8 School (BPS)
180,4,720,2130,CVD 2013: Multiple Companies at Curley K-8 School (BPS),Ensuring Young People Succeed,,Curley K-8 School (BPS)
10,3,30,2119,HAW: Fidelity Cares Day - Science Fair at Dearborn Middle School,Ensuring Young People Succeed,Fidelity Investments,Dearborn STEM Academy (BPS)
25,3.5,87.5,2119,HAW: Fidelity Investments at Dearborn Middle School (BPS) Day 1 AM ,Ensuring Young People Succeed,Fidelity Investments,Dearborn STEM Academy (BPS)
17,3,51,2119,HAW: Fidelity Investments at Dearborn Middle School (BPS) Day 1  PM ,Ensuring Young People Succeed,Fidelity Investments,Dearborn STEM Academy (BPS)
12,1,12,2119,HAW: Fidelity Investments at Dearborn Middle School (BPS) ,Ensuring Young People Succeed,Fidelity Investments,Dearborn STEM Academy (BPS)
16,3,48,1908,HAW: Biogen Idec Family Volunteer Day at DCR Lynn/Nahant Beach,Cultural & Environmental Vibrancy,Biogen Idec,Department of Conservation and Recreation -North Region
9,4,36,2143,HAW: TUGG at Dr. Albert F. Argenziano School (BPS),Ensuring Young People Succeed,TUGG,Dr. Albert F. Argenziano School (SPS)
9,2,18,2141,HAW: Biogen Idec Family Volunteer Day at East End House,Ensuring Young People Succeed,Biogen Idec,East End House
24,4,96,2141,HAW: Biogen Idec at East End House,Equipping Adults to Beat Poverty,Biogen Idec,East End House
20,5,100,2116,HAW: Biogen Idec at Ellis Memorial and Eldridge House,Ensuring Young People Succeed,Biogen Idec,"Ellis Memorial & Eldredge House, Inc."
20,4,80,2119,HAW: Altria at Ellis Mendell (BPS),Ensuring Young People Succeed,Altria,Ellis Mendell Elementary School (BPS)
31,4,124,2119,HAW: Clough Capital Partners Lp at Ellis Mendell Elementary School (BPS),Ensuring Young People Succeed,Clough Capital Partners Lp,Ellis Mendell Elementary School (BPS)
52,4,208,3060,HAW: Fidelity at Elm Street - STEM Fair,Ensuring Young People Succeed,Fidelity Investments,Elm Street Middle School (NSD)
25,5,125,1752,HAW: Sunovion at Employment Options,Equipping Adults to Beat Poverty,Sunovion,Employment Options
34,4,136,1702,Boston Scientific - Science Fair at Fuller Middle School,Ensuring Young People Succeed,Boston Scientific,Fuller Middle School (Framingham Public Schools)
62,5,310,1702,HAW: Sunovion at Fuller Middle School,Ensuring Young People Succeed,Sunovion,Fuller Middle School (Framingham Public Schools)
16,3,48,2111,HAW: Deutsche Bank at Generations Inc,Ensuring Young People Succeed,Deutsche Bank,Generations Incorporated
35,3.5,122.5,2118,HAW: Bain & Company at Greater Boston Food Bank,Health & Wellness,Bain & Company,Greater Boston Food Bank
28,2.5,70,2118,HAW: Biogen Idec at Greater Boston Food Bank AM ,Basic Needs,Biogen Idec,Greater Boston Food Bank
11,2.5,27.5,2118,HAW: Biogen Idec at Greater Boston Food Bank PM,Basic Needs,Biogen Idec,Greater Boston Food Bank
41,2.5,102.5,2118,Boston Scientific at Greater Boston Food Bank,Basic Needs,Boston Scientific,Greater Boston Food Bank
11,3,33,3054,HAW: Fidelity at Great Nashua YMCA,Ensuring Young People Succeed,Fidelity Investments,Greater Nashua YMCA
21,4,84,2119,HAW: Credo Reference at Hale Elementary,Ensuring Young People Succeed,Credo Reference,Hale Elementary School (BPS)
14,6,84,2119,HAW: BCG at Hale School,Ensuring Young People Succeed,BCG Boston,Hale Elementary School (BPS)
16,4,64,2119,HAW: PlatformQ at Hale Elementary School (BPS),Ensuring Young People Succeed,PlatformQ,Hale Elementary School (BPS)
20,4,80,2116,HAW: Bain & Company at Haley House,Equipping Adults to Beat Poverty,Bain & Company,Haley House
32,4,128,2130,CVD 2013: Multiple Companies at Hennigan School (BPS),Ensuring Young People Succeed,,Hennigan Elementary School (BPS)
24,5,120,2130,HAW: Silicon Valley Bank at Hennigan Elementary School (BPS),Ensuring Young People Succeed,Silicon Valley Bank,Hennigan Elementary School (BPS)
23,5,115,1845,HAW: Biogen Idec at Internaional Medical Equipment Collaborative,Basic Needs,Biogen Idec,International Medical Equipment Collaborative (IMEC)
19,4.25,80.75,1886,HAW: NetScout at Cameron Senior Center,Health & Wellness,NetScout,John F. Kennedy Elementary School (SPS)
14,3,42,2144,HAW: Biogen Idec Family Volunteer Day at John F. Kennedy Elementary School (SPS),Ensuring Young People Succeed,Biogen Idec,John F. Kennedy Elementary School (SPS)
5,4.5,22.5,1841,HAW: Sunovion at Leahy School,Ensuring Young People Succeed,Sunovion,Leahy School
17,6,102,2130,HAW: Cleary Insurance at Manning Elementary School (BPS),Ensuring Young People Succeed,Cleary Insurance,Manning Elementary School (BPS)
31,4,124,2130,HAW: Bain & Company at Manning Elementary School (BPS),Ensuring Young People Succeed,Bain & Company,Manning Elementary School (BPS)
27,4,108,2130,Boston Scientific at Manning Elementary School (BPS),Ensuring Young People Succeed,Boston Scientific,Manning Elementary School (BPS)
39,3.5,136.5,2130,HAW: CBRE at Manning Elementary School (BPS),Equipping Adults to Beat Poverty,CBRE Group,Manning Elementary School (BPS)
9,3,27,2128,HAW: Fidelity Cares Day - Science Fair at Umana,Ensuring Young People Succeed,Fidelity Investments,Mario Umana Academy K-8 (BPS)
19,5,95,1752,HAW: Sunovion at Marlborough Early Childhood Center!,Ensuring Young People Succeed,Sunovion,Marlborough Public Schools - Early Childhood Center
15,5.5,82.5,2126,HAW: American Tower at Boston Nature Center,Cultural & Environmental Vibrancy,American Tower,Massachusetts Audubon Society - Boston Nature Center
37,4,148,2126,HAW: Bain & Company at Massachusetts Audubon Society,Cultural & Environmental Vibrancy,Bain & Company,Massachusetts Audubon Society - Boston Nature Center
44,3,132,1773,HAW: Biogen Idec Family Volunteer Day at Drumlin Farm,Cultural & Environmental Vibrancy,Biogen Idec,Massachusetts Audubon Society - Drumlin Farms
33,5,165,1773,HAW: Biogen Idec at Massachusetts Audubon Society - Drumlin Farms,Cultural & Environmental Vibrancy,Biogen Idec,Massachusetts Audubon Society - Drumlin Farms
15,4,60,1604,Boston Scientific at Mass Audubon Broad Meadow Brook,Cultural & Environmental Vibrancy,Boston Scientific,Massachusetts Audubon Society-Broad Meadow Brook Sanctuary (Worcester)
16,4,64,1604,HAW: Sunovion at Massachusetts Audubon Society-Broad Meadow Brook Sanctuary (Wor,Cultural & Environmental Vibrancy,Sunovion,Massachusetts Audubon Society-Broad Meadow Brook Sanctuary (Worcester)
19,3,57,2122,HAW: Fidelity at Mather Elementary School (BPS),Ensuring Young People Succeed,Fidelity Investments,Mather Elementary School (BPS)
21,5,105,2122,HAW: TUGG at Mather Elementary School (BPS),Ensuring Young People Succeed,TUGG,Mather Elementary School (BPS)
22,2,44,1854,HAW: NetScout On-site Soup Packing,Basic Needs,NetScout,Merrimack Valley Food Bank
16,4,64,1844,HAW: Sunovion at MSPCA: Animal Care and Adoption Center - Nevins Farm,Basic Needs,Sunovion,MSPCA: Animal Care and Adoption Center - Nevins Farm
17,3.5,59.5,3060,HAW: Fidelity at Mt. Pleasant Elementary (NSD),Ensuring Young People Succeed,Fidelity Investments,Mt. Pleasant Elementary School (NSD)
30,5,150,2122,HAW: Biogen Idec at Murphy School (BPS),Ensuring Young People Succeed,Biogen Idec,Murphy School (BPS)
17,3.5,59.5,2122,HAW: First Republic Bank at Murphy School (BPS),Ensuring Young People Succeed,First Republic Bank,Murphy School (BPS)
11,3.5,38.5,3061,HAW: NetScout at Nashua Soup Kitchen & Shelter,Equipping Adults to Beat Poverty,NetScout,Nashua Soup Kitchen & Shelter
48,5,240,2122,HAW: Deutsche Bank at Neighborhood House Charter School,Ensuring Young People Succeed,Deutsche Bank,Neighborhood House Charter School
64,4,256,2108,HAW: Bain & Company On-Site Project,Equipping Adults to Beat Poverty,Bain & Company,New England Center and Home for Veterans
19,1.5,28.5,2108,HAW: John Hancock Financial Services at John Hancock Financial Services,Basic Needs,John Hancock Financial Services,New England Center and Home for Veterans
76,2,152,50258,"HAW: Biogen Idec with Outreach, Inc. AM ",Basic Needs,Biogen Idec,"Outreach, Inc."
42,2,84,50258,"HAW: Biogen Idec with Outreach, Inc. PM",Basic Needs,Biogen Idec,"Outreach, Inc."
53,4,212,2472,HAW: Tugg at Perkins School (BPS),Ensuring Young People Succeed,TUGG,Perkins School for the Blind
62,4,248,2118,HAW: Bain & Company at Pine Street Inn,Equipping Adults to Beat Poverty,Bain & Company,Pine Street Inn
14,4,56,2118,HAW: Biogen Idec at Pine Street Inn,Basic Needs,Biogen Idec,Pine Street Inn
18,3,54,2118,Boston Scientific at Pine Street Inn,Basic Needs,Boston Scientific,Pine Street Inn
14,3,42,2116,HAW: Biogen Idec Family Volunteer Day at Room to Grow,Ensuring Young People Succeed,Biogen Idec,Room to Grow
105,5,525,2116,HAW: American Tower at Room to Grow,Ensuring Young People Succeed,American Tower,Room to Grow
227,4,908,2116,HAW: Bain & Company at Room to Grow,Ensuring Young People Succeed,Bain & Company,Room to Grow
4,2,8,2116,HAW: Biogen Idec at Room to Grow AM ,Basic Needs,Biogen Idec,Room to Grow
22,2,44,2116,HAW: Biogen Idec at Room to Grow PM,Basic Needs,Biogen Idec,Room to Grow
37,4.5,166.5,2116,HAW: Delta Dental at Room to Grow,Ensuring Young People Succeed,Delta Dental,Room to Grow
12,3,36,2110,HAW: Biogen Idec Family Volunteer Day at Rose Kennedy Greenway,Cultural & Environmental Vibrancy,Biogen Idec,Rose Kennedy Greenway Conservancy
33,4,132,2125,HAW: Sunovion at Rosie's Place,Basic Needs,Sunovion,Rosie's Place
33,4,132,2119,HAW: Biogen Idec at Roxbury YMCA,Ensuring Young People Succeed,Biogen Idec,Roxbury YMCA
201,4,804,2119,HAW: Delta Dental at Samuel W. Mason Elementary School,Ensuring Young People Succeed,Delta Dental,Samuel W. Mason Elementary School (BPS)
201,4,804,2119,HAW: TUGG at Mason Elementary School (BPS),Ensuring Young People Succeed,TUGG,Samuel W. Mason Elementary School (BPS)
66,2,132,2143,HAW: Biogen Idec at Seeding Labs,Basic Needs,Biogen Idec,Seeding Labs
90,3.5,315,2119,HAW: Biogen Idec at The Shirley Eustis House,Ensuring Young People Succeed,Biogen Idec,Shirley-Eustis House Association
23,4,92,2131,HAW: Bain & Company at Sumner Elementary School (BPS),Ensuring Young People Succeed,Bain & Company,Sumner Elementary School (BPS)
18,5,90,2124,HAW: Biogen Idec at The Boston Home,Basic Needs,Biogen Idec,The Boston Home
32,3,96,2119,HAW: LEK Consulting at Dimock Center,Health & Wellness,L.E.K. Consulting,The Dimock Community Health Center
15,5,75,2119,HAW: TUGG at Dimock Center,Health & Wellness,TUGG,The Dimock Community Health Center
20,3.5,70,1773,HAW: Biogen Idec at The Food Project,Basic Needs,Biogen Idec,The Food Project
20,4,80,1701,HAW: Bain & Company at The Learning Center for the Deaf,Ensuring Young People Succeed,Bain & Company,The Learning Center for the Deaf
17,5,85,1701,HAW: Sunovion at The Learning Center for the Deaf,Ensuring Young People Succeed,Sunovion,The Learning Center for the Deaf
14,4,56,1852,HAW: Bain & Company at The Wish Project Inc.,Equipping Adults to Beat Poverty,Bain & Company,The Wish Project Inc.
19,3,57,1852,HAW: Biogen Idec at The Wish Project AM ,Ensuring Young People Succeed,Biogen Idec,The Wish Project Inc.
9,3,27,1852,HAW: Biogen Idec at The Wish Project PM ,Ensuring Young People Succeed,Biogen Idec,The Wish Project Inc.
26,3.5,91,1852,HAW: Sunovion at The Wish Project,Ensuring Young People Succeed,Sunovion,The Wish Project Inc.
19,3.5,66.5,2124,HAW: Fidelity at UP Dorchester AM ,Ensuring Young People Succeed,Fidelity Investments,UP Academy Charter School of Dorchester
14,3.5,49,2124,HAW: Fidelity at UP Dorchester PM ,Ensuring Young People Succeed,Fidelity Investments,UP Academy Charter School of Dorchester
22,6,132,2124,HAW: SunLife at ReVision House,Basic Needs,Sun Life Financial,Victory Programs' ReVision Urban Farm
19,4,76,2144,HAW: Biogen Idec at West Somerville Neighborhood School,Ensuring Young People Succeed,Biogen Idec,West Somerville Neighborhood School
17,4,68,1752,Boston Scientific - Beautification at Whitcomb Middle School,Ensuring Young People Succeed,Boston Scientific,Whitcomb Middle School (Marlborough Public Schools)
44,4,176,2135,HAW: UBS at Winship Elementary School (BPS),Ensuring Young People Succeed,UBS,Winship Elementary School (BPS)
15,4,60,2145,HAW: Biogen Idec at Winter Hill Community School (STEM Fair),Ensuring Young People Succeed,Biogen Idec,Winter Hill Community School (SPS)
19,4,76,2116,HAW: Biogen Idec at Women's Lunch Place,Equipping Adults to Beat Poverty,Biogen Idec,Women's Lunch Place
